Model,RMSE,R2
LinearRegression,34976.14246476494,0.2393396106030531
RandomForest,37242.568881225685,0.1375652597218705
XGBoost,37283.655532515004,0.13566130397937926
